gene,clinvar_id,variant_id,protein_change,aa_ref,aa_alt,residue_num,clinical_significance,trait,hgvs_c,canonical_spdi,chromosome,position,ref,alt,source,gnomad_af,gnomad_ac,structural_region,region_label,pocket_dist_A,structural_coords_available,clinvar_tier_score,rarity_score,region_drug_score,variant_key,cadd_phred,cadd_norm,alphamissense_score,alphamissense_class,path_score_imputed,path_score,pocket_proximity_score,rescue_score,bhatt_homo_current_rel_wt,bhatt_hetero_current_rel_wt,bhatt_homo_functional_class,bhatt_hetero_functional_class,bhatt_wt_cotransfection_rescue,structural_opportunity_score,tractability_modifier,tractability_class,tractability_basis,rescue_priority_score,vanoye_source_sheet,vanoye_current_rel_wt,vanoye_delta_vhalf,vanoye_k,vanoye_tau_ms
KCNQ1,1438413.0,1438413,S225W,S,W,225.0,Likely pathogenic,Long QT syndrome,NM_000218.3(KCNQ1):c.674C>G (p.Ser225Trp),NC_000011.10:2571393:C:G,11,2571394,C,G,ClinVar,,,Pore,Pore Domain (S5-S6),39.14003247857729,True,0.8,1.0,0.9,11:2571394:C:G,28.5,0.7125,0.9828,likely_pathogenic,False,0.82859,0.0735834238110404,0.5993311983338642,,,,,,0.5993311983338642,0.85,default_unknown,heuristic,0.5094315185837845,Table S4b,0.765963724116777,1.8601712692712076,,
KCNQ1,1738716.0,1738716,S140R,S,R,140.0,Uncertain significance,Cardiovascular phenotype,NM_000218.3(KCNQ1):c.420C>A (p.Ser140Arg),NC_000011.10:2527960:C:A,11,2527961,C,A,ClinVar,,,VSD,Voltage-Sensing Domain,35.710836238588556,True,0.3,1.0,0.6,11:2527961:C:A,17.37,0.43425,0.9993,likely_pathogenic,False,0.550065,0.0924837416456018,0.4473888095759606,,,,,,0.4473888095759606,0.95,vsd_gating_like,heuristic,0.4250193690971625,Table S4b,0.10159861433321742,,,
KCNQ1,1748958.0,1748958,G189A,G,A,189.0,Uncertain significance,Cardiovascular phenotype,NM_000218.3(KCNQ1):c.566G>C (p.Gly189Ala),NC_000011.10:2570715:G:C,11,2570716,G,C,ClinVar,,,VSD,Voltage-Sensing Domain,52.164728231409775,True,0.3,1.0,0.6,11:2570716:G:C,29.5,0.7375,0.9784,likely_pathogenic,False,0.6347700000000001,0.0308799383964658,0.451238978438763,,,,,,0.451238978438763,0.95,vsd_gating_like,heuristic,0.4286770295168248,Table S4b,-0.04521803452219776,,,
KCNQ1,191476.0,191476,P197L,P,L,197.0,Uncertain significance,Long QT syndrome 1,NM_000218.3(KCNQ1):c.590C>T (p.Pro197Leu),NC_000011.10:2570739:C:T,11,2570740,C,T,ClinVar,,,VSD,Voltage-Sensing Domain,37.66034417858883,True,0.3,1.0,0.6,11:2570740:C:T,28.8,0.72,0.9781,likely_pathogenic,False,0.6294299999999999,0.0812122150152446,0.4672532752553355,,,,,,0.4672532752553355,0.95,vsd_gating_like,heuristic,0.4438906114925687,Table S4a,-0.04936737323386877,,,
KCNQ1,191477.0,191477,V241I,V,I,241.0,Uncertain significance,Long QT syndrome,NM_000218.3(KCNQ1):c.721G>A (p.Val241Ile),NC_000011.10:2572049:G:A,11,2572050,G,A,ClinVar,,,Pore,Pore Domain (S5-S6),37.79397888732651,True,0.3,1.0,0.9,11:2572050:G:A,26.2,0.655,0.4432,ambiguous,False,0.4494599999999999,0.0804919103230741,0.4880101686130759,,,,,,0.4880101686130759,0.85,default_unknown,heuristic,0.4148086433211145,Table S4b,0.43618292457572366,0.8677301322636402,,188.14786078431376
KCNQ1,200814.0,200814,R174L,R,L,174.0,Pathogenic/Likely pathogenic,not provided,NM_000218.3(KCNQ1):c.521G>T (p.Arg174Leu),NC_000011.10:2570670:G:T,11,2570671,G,T,ClinVar,,,VSD,Voltage-Sensing Domain,50.05281428669135,True,0.95,1.0,0.6,11:2570671:G:T,33.0,0.825,0.9862,likely_pathogenic,False,0.9233599999999998,0.0355486077809575,0.539450012723335,,,,,,0.539450012723335,0.95,vsd_gating_like,heuristic,0.5124775120871683,Table S4b,0.032101968724215904,,,
KCNQ1,200816.0,200816,K196T,K,T,196.0,Uncertain significance,Long QT syndrome,NM_000218.3(KCNQ1):c.587A>C (p.Lys196Thr),NC_000011.10:2570736:A:C,11,2570737,A,C,ClinVar,,,VSD,Voltage-Sensing Domain,40.974597020425435,True,0.3,1.0,0.6,11:2570737:A:C,29.7,0.7424999999999999,0.9807,likely_pathogenic,False,0.63696,0.0651124306258672,0.4638773507190535,,,,,,0.4638773507190535,0.95,vsd_gating_like,heuristic,0.4406834831831008,Table S4a,0.2038732325391382,1.3692668296760322,,143.07862
KCNQ1,200817.0,200817,P197S,P,S,197.0,Likely pathogenic,not provided,NM_000218.3(KCNQ1):c.589C>T (p.Pro197Ser),NC_000011.10:2570738:C:T,11,2570739,C,T,ClinVar,,,VSD,Voltage-Sensing Domain,37.66034417858883,True,0.8,1.0,0.6,11:2570739:C:T,28.5,0.7125,0.9894,likely_pathogenic,False,0.83057,0.0812122150152446,0.5275952752553356,,,,,,0.5275952752553356,0.95,vsd_gating_like,heuristic,0.5012155114925687,Table S4b,0.170551174086955,2.4303806302068045,,278.151
KCNQ1,200819.0,200819,I227L,I,L,227.0,Likely pathogenic,not provided,NM_000218.3(KCNQ1):c.679A>C (p.Ile227Leu),NC_000011.10:2571398:A:C,11,2571399,A,C,ClinVar,,,Pore,Pore Domain (S5-S6),38.50569656582538,True,0.8,1.0,0.9,11:2571399:A:C,23.5,0.5875,0.2944,likely_benign,False,0.58457,0.076761932082799,0.5272376762289797,,,,,,0.5272376762289797,0.85,default_unknown,heuristic,0.4481520247946327,Table S4b,0.2178626429819064,2.281753351132485,,504.23835294117646
KCNQ1,200820.0,200820,L236P,L,P,236.0,Conflicting classifications of pathogenicity,Long QT syndrome,NM_000218.3(KCNQ1):c.707T>C (p.Leu236Pro),NC_000011.10:2572035:T:C,11,2572036,T,C,ClinVar,,,Pore,Pore Domain (S5-S6),32.96739139110264,True,0.5,1.0,0.9,11:2572036:T:C,26.7,0.6675,0.9988,likely_pathogenic,False,0.69989,0.1110442961633517,0.5738325036571731,,,,,,0.5738325036571731,0.85,default_unknown,heuristic,0.4877576281085971,Table S4b,0.029550113327697646,,,
KCNQ1,200873.0,200873,L131P,L,P,131.0,Uncertain significance,not provided,NM_000218.3(KCNQ1):c.392T>C (p.Leu131Pro),NC_000011.10:2527932:T:C,11,2527933,T,C,ClinVar,,,VSD,Voltage-Sensing Domain,39.821080452667594,True,0.3,1.0,0.6,11:2527933:T:C,31.0,0.775,0.9584,likely_pathogenic,False,0.64002,0.0703172103737874,0.4666170236308256,,,,,,0.4666170236308256,0.95,vsd_gating_like,heuristic,0.4432861724492842,Table S4b,0.0541121986567296,,,
KCNQ1,200878.0,200878,Q107H,Q,H,107.0,Likely pathogenic,not provided,NM_000218.3(KCNQ1):c.321G>T (p.Gln107His),NC_000011.10:2445418:G:T,11,2445419,G,T,ClinVar,,,VSD,Voltage-Sensing Domain,57.1702584215005,True,0.8,1.0,0.6,11:2445419:G:T,25.6,0.64,0.9778,likely_pathogenic,False,0.80534,0.0221182866709466,0.4993434003348312,,,,,,0.4993434003348312,0.95,vsd_gating_like,heuristic,0.4743762303180897,Table S4b,0.35617452860580107,1.3475501679092883,,380.44693750000005
KCNQ1,200895.0,200895,D202G,D,G,202.0,Pathogenic,Long QT syndrome,NM_000218.3(KCNQ1):c.605A>G (p.Asp202Gly),NC_000011.10:2571324:A:G,11,2571325,A,G,ClinVar,,,Pore,Pore Domain (S5-S6),40.65912042787627,True,1.0,1.0,0.9,11:2571325:A:G,32.0,0.8,0.9971,likely_pathogenic,False,0.93913,0.0664963627353587,0.6300127269573755,,,,,,0.6300127269573755,0.75,severe_pore_lof_like,heuristic,0.4725095452180317,Table S4b,0.0862912140167044,,,
KCNQ1,200896.0,200896,Q234P,Q,P,234.0,Likely pathogenic,not provided,NM_000218.3(KCNQ1):c.701A>C (p.Gln234Pro),NC_000011.10:2572029:A:C,11,2572030,A,C,ClinVar,,,Pore,Pore Domain (S5-S6),35.757298353728366,True,0.8,1.0,0.9,11:2572030:A:C,27.5,0.6875,0.9832,likely_pathogenic,False,0.82121,0.0921977188315893,0.6036322015910562,,,,,,0.6036322015910562,0.85,default_unknown,heuristic,0.5130873713523978,Table S4b,0.028228390879183607,,,
KCNQ1,200897.0,200897,L236R,L,R,236.0,Conflicting classifications of pathogenicity,not provided,NM_000218.3(KCNQ1):c.707T>G (p.Leu236Arg),NC_000011.10:2572035:T:G,11,2572036,T,G,ClinVar,,,Pore,Pore Domain (S5-S6),32.96739139110264,True,0.5,1.0,0.9,11:2572036:T:G,26.9,0.6725,0.9971,likely_pathogenic,False,0.70088,0.1110442961633517,0.5741295036571731,,,,,,0.5741295036571731,0.85,default_unknown,heuristic,0.4880100781085971,Table S4b,0.012130003622871909,,,
KCNQ1,200909.0,200909,A150T,A,T,150.0,Uncertain significance,Long QT syndrome,NM_000218.3(KCNQ1):c.448G>A (p.Ala150Thr),NC_000011.10:2527988:G:A,11,2527989,G,A,ClinVar,,,VSD,Voltage-Sensing Domain,43.80039769816699,True,0.3,1.0,0.6,11:2527989:G:A,13.06,0.3265,0.0623,likely_benign,False,0.2366399999999999,0.0539322573640736,0.3398682900774258,,,,,,0.3398682900774258,0.95,vsd_gating_like,heuristic,0.3228748755735545,Table S4b,0.5787115586638094,0.9692200669921637,,345.7216333333334
KCNQ1,200910.0,200910,Y125D,Y,D,125.0,Likely pathogenic,not provided,NM_000218.3(KCNQ1):c.373T>G (p.Tyr125Asp),NC_000011.10:2445470:T:G,11,2445471,T,G,ClinVar,,,VSD,Voltage-Sensing Domain,46.6153023396942,True,0.8,1.0,0.6,11:2445471:T:G,33.0,0.825,0.9984,likely_pathogenic,False,0.86702,0.044704244677343,0.52575248563707,,,,,,0.52575248563707,0.95,vsd_gating_like,heuristic,0.4994648613552164,Table S4b,0.011999843641793453,,,
KCNQ1,200911.0,200911,H126L,H,L,126.0,Conflicting classifications of pathogenicity,Long QT syndrome,NM_000218.3(KCNQ1):c.377A>T (p.His126Leu),NC_000011.10:2445474:A:T,11,2445475,A,T,ClinVar,,,VSD,Voltage-Sensing Domain,43.14300737094886,True,0.5,1.0,0.6,11:2445475:A:T,29.5,0.7375,0.9821,likely_pathogenic,False,0.7158800000000001,0.0563484530503057,0.484485958567607,,,,,,0.484485958567607,0.95,vsd_gating_like,heuristic,0.4602616606392266,Table S4b,0.03508924057358646,,,
KCNQ1,237228.0,237228,R190P,R,P,190.0,Likely pathogenic,Long QT syndrome,NM_000218.3(KCNQ1):c.569G>C (p.Arg190Pro),NC_000011.10:2570718:G:C,11,2570719,G,C,ClinVar,,,VSD,Voltage-Sensing Domain,51.53509371547763,True,0.8,1.0,0.6,11:2570719:G:C,33.0,0.825,0.9886,likely_pathogenic,False,0.8640800000000001,0.0322037325848661,0.5204953064047031,,,,,,0.5204953064047031,0.95,vsd_gating_like,heuristic,0.4944705410844679,Table S4b,0.05040222770785401,,,
KCNQ1,2910899.0,2910899,A128T,A,T,128.0,Uncertain significance,Long QT syndrome,NM_000218.3(KCNQ1):c.382G>A (p.Ala128Thr),NC_000011.10:2445479:G:A,11,2445480,G,A,ClinVar,,,VSD,Voltage-Sensing Domain,43.85920399140581,True,0.3,1.0,0.6,11:2445480:G:A,12.87,0.32175,0.0653,likely_benign,False,0.2361149999999999,0.0537212342079014,0.3396369319727654,,,,,,0.3396369319727654,0.95,vsd_gating_like,heuristic,0.3226550853741272,Table S4a,0.7383313973137667,1.0055534052491708,,328.45189772727275
KCNQ1,3128.0,3128,A300T,A,T,300.0,Conflicting classifications of pathogenicity,Cardiovascular phenotype,NM_000218.3(KCNQ1):c.898G>A (p.Ala300Thr),NC_000011.10:2572962:G:A,11,2572963,G,A,ClinVar,,,Pore,Pore Domain (S5-S6),11.015023231473526,True,0.5,1.0,0.9,11:2572963:G:A,29.7,0.7424999999999999,0.8763,likely_pathogenic,False,0.6856399999999999,0.4798244927254204,0.698630572453897,,,,,,0.698630572453897,0.85,default_unknown,heuristic,0.5938359865858125,Table S4a,0.2318296945281946,2.0338676393174357,,319.51836363636363
KCNQ1,375594.0,375594,F279I,F,I,279.0,Pathogenic,Short QT syndrome type 2,NM_000218.3(KCNQ1):c.835T>A (p.Phe279Ile),NC_000011.10:2572899:T:A,11,2572900,T,A,ClinVar,,,Pore,Pore Domain (S5-S6),10.906656882486688,True,1.0,1.0,0.9,11:2572900:T:A,25.5,0.6375,0.8237,likely_pathogenic,False,0.83836,0.4833034997323102,0.7456642249063086,,,,,,0.7456642249063086,0.85,default_unknown,heuristic,0.6338145911703623,Table S4a,0.6754695009241296,0.6712957126651907,,231.02044062499996
KCNQ1,378906.0,378906,G179A,G,A,179.0,Likely pathogenic,not provided,NM_000218.3(KCNQ1):c.536G>C (p.Gly179Ala),NC_000011.10:2570685:G:C,11,2570686,G,C,ClinVar,,,VSD,Voltage-Sensing Domain,55.074472610943886,True,0.8,1.0,0.6,11:2570686:G:C,27.0,0.675,0.9244,likely_pathogenic,False,0.7998200000000001,0.0254349387859427,0.4988482285750799,,,,,,0.4988482285750799,0.95,vsd_gating_like,heuristic,0.4739058171463259,Table S4b,0.04364084072288889,3.6131911467410323,,
KCNQ1,3903171.0,3903171,G245R,G,R,245.0,Uncertain significance,not provided,NM_000218.3(KCNQ1):c.733G>C (p.Gly245Arg),NC_000011.10:2572061:G:C,11,2572062,G,C,ClinVar,,,Pore,Pore Domain (S5-S6),35.32917634094395,True,0.3,1.0,0.9,11:2572062:G:C,31.0,0.775,0.9981,likely_pathogenic,False,0.6519299999999999,0.0948670897032065,0.5537824813961223,,,,,,0.5537824813961223,0.75,severe_pore_lof_like,heuristic,0.4153368610470917,Table S4b,0.02495339392795979,,,
KCNQ1,405270.0,405270,T169M,T,M,169.0,Uncertain significance,Cardiac arrhythmia,NM_000218.3(KCNQ1):c.506C>T (p.Thr169Met),NC_000011.10:2570655:C:T,11,2570656,C,T,ClinVar,,,VSD,Voltage-Sensing Domain,51.40867702415969,True,0.3,1.0,0.6,11:2570656:C:T,21.5,0.5375,0.0868,likely_benign,False,0.3072899999999999,0.032476285434051,0.3535536999019179,,,,,,0.3535536999019179,0.95,vsd_gating_like,heuristic,0.3358760149068219,Table S4b,0.6484737825341256,0.9515408991214266,,356.3923809523809
KCNQ1,432149.0,432149,G186C,G,C,186.0,Likely pathogenic,not provided,NM_000218.3(KCNQ1):c.556G>T (p.Gly186Cys),NC_000011.10:2570705:G:T,11,2570706,G,T,ClinVar,,,VSD,Voltage-Sensing Domain,57.155238322567605,True,0.8,1.0,0.6,11:2570706:G:T,33.0,0.825,0.9544,likely_pathogenic,False,0.85382,0.0221404456870505,0.5138951559904676,,,,,,0.5138951559904676,0.95,vsd_gating_like,heuristic,0.4882003981909442,Table S4b,0.09025501423202564,,,
KCNQ1,449041.0,449041,W176R,W,R,176.0,Conflicting classifications of pathogenicity,Long QT syndrome,NM_000218.3(KCNQ1):c.526T>C (p.Trp176Arg),NC_000011.10:2570675:T:C,11,2570676,T,C,ClinVar,,,VSD,Voltage-Sensing Domain,54.4904090889053,True,0.5,1.0,0.6,11:2570676:T:C,31.0,0.775,0.9964,likely_pathogenic,False,0.73142,0.0264448475504049,0.4786816966426417,,,,,,0.4786816966426417,0.95,vsd_gating_like,heuristic,0.4547476118105096,Table S4b,0.008743509013744766,,,
KCNQ1,456868.0,456868,V215G,V,G,215.0,Conflicting classifications of pathogenicity,Cardiovascular phenotype,NM_000218.3(KCNQ1):c.644T>G (p.Val215Gly),NC_000011.10:2571363:T:G,11,2571364,T,G,ClinVar,,,Pore,Pore Domain (S5-S6),48.830407508114114,True,0.5,1.0,0.9,11:2571364:T:G,26.3,0.6575,0.4812,ambiguous,False,0.5416099999999999,0.0385669147633477,0.5009814201671717,,,,,,0.5009814201671717,0.85,default_unknown,heuristic,0.4258342071420959,Table S4b,0.3255274884404803,1.3866020592967863,,176.81686666666664
KCNQ1,4692198.0,4692198,V106I,V,I,106.0,Uncertain significance,Long QT syndrome,NM_000218.3(KCNQ1):c.316G>A (p.Val106Ile),NC_000011.10:2445413:G:A,11,2445414,G,A,ClinVar,,,VSD,Voltage-Sensing Domain,59.240896641714464,True,0.3,1.0,0.6,11:2445414:G:A,13.47,0.33675,0.0592,likely_benign,False,0.2387849999999999,0.0192663908186092,0.3283787367865132,,,,,,0.3283787367865132,0.95,vsd_gating_like,heuristic,0.3119597999471875,Table S4a,1.2086825044592746,1.1993680538520495,,365.3135161290323
KCNQ1,4757517.0,4757517,A150V,A,V,150.0,Uncertain significance,Cardiac arrhythmia,NM_000218.3(KCNQ1):c.449C>T (p.Ala150Val),NC_000011.10:2527989:C:T,11,2527990,C,T,ClinVar,,,VSD,Voltage-Sensing Domain,43.80039769816699,True,0.3,1.0,0.6,11:2527990:C:T,21.0,0.525,0.0679,likely_benign,False,0.2978699999999999,0.0539322573640736,0.3582372900774258,,,,,,0.3582372900774258,0.95,vsd_gating_like,heuristic,0.3403254255735545,Table S4a,0.5151833702688944,2.2685266205703907,,253.65058333333332
KCNQ1,52936.0,52936,A344V,A,V,344.0,Pathogenic,not provided,NM_000218.3(KCNQ1):c.1031C>T (p.Ala344Val),NC_000011.10:2583543:C:T,11,2583544,C,T,ClinVar,,,CaM,CaM/Interface Region,19.118679980556475,True,1.0,1.0,0.5,11:2583544:C:T,35.0,0.875,0.9873,likely_pathogenic,False,0.95869,0.2795487269710703,0.6104490544398746,,,,,,0.6104490544398746,0.8,trafficking_interface_like,heuristic,0.4883592435518997,Table S4a,0.19326716749152484,1.3502229330696132,,848.7799076923077
KCNQ1,53034.0,53034,V110I,V,I,110.0,Uncertain significance,Long QT syndrome 1,NM_000218.3(KCNQ1):c.328G>A (p.Val110Ile),NC_000011.10:2445425:G:A,11,2445426,G,A,ClinVar,,,VSD,Voltage-Sensing Domain,53.483978065210536,True,0.3,1.0,0.6,11:2445426:G:A,24.8,0.62,0.1467,likely_benign,False,0.35001,0.0282800537397732,0.3649010188089207,,,,,,0.3649010188089207,0.95,vsd_gating_like,heuristic,0.3466559678684746,Table S4a,0.25406209969465227,0.9061989077025654,,353.7111153846154
KCNQ1,53036.0,53036,L114P,L,P,114.0,Likely pathogenic,Long QT syndrome,NM_000218.3(KCNQ1):c.341T>C (p.Leu114Pro),NC_000011.10:2445438:T:C,11,2445439,T,C,ClinVar,,,VSD,Voltage-Sensing Domain,47.500729293952695,True,0.8,1.0,0.6,11:2445439:T:C,33.0,0.825,0.9989,likely_pathogenic,False,0.86717,0.0421417945424058,0.524900628089842,,,,,,0.524900628089842,0.95,vsd_gating_like,heuristic,0.4986555966853498,Table S4a,-0.010413663417165693,,,
KCNQ1,53037.0,53037,E115G,E,G,115.0,Pathogenic/Likely pathogenic,Long QT syndrome,NM_000218.3(KCNQ1):c.344A>G (p.Glu115Gly),NC_000011.10:2445441:A:G,11,2445442,A,G,ClinVar,,,VSD,Voltage-Sensing Domain,45.6110056600035,True,0.95,1.0,0.6,11:2445442:A:G,32.0,0.8,0.9869,likely_pathogenic,False,0.91607,0.0477998053978882,0.5415509318892608,,,,,,0.5415509318892608,0.95,vsd_gating_like,heuristic,0.5144733852947978,Table S4b,-0.06652661586550258,,,
KCNQ1,53039.0,53039,C122Y,C,Y,122.0,Conflicting classifications of pathogenicity,Long QT syndrome,NM_000218.3(KCNQ1):c.365G>A (p.Cys122Tyr),NC_000011.10:2445462:G:A,11,2445463,G,A,ClinVar,,,VSD,Voltage-Sensing Domain,48.05294093478947,True,0.5,1.0,0.6,11:2445463:G:A,31.0,0.775,0.9863,likely_pathogenic,False,0.72839,0.040618591614357,0.4827335070650249,,,,,,0.4827335070650249,0.95,vsd_gating_like,heuristic,0.4585968317117737,Table S4a,-0.03852678725028725,3.646507766060947,,154.55027499999997
KCNQ1,53040.0,53040,I132L,I,L,132.0,Uncertain significance,Cardiovascular phenotype,NM_000218.3(KCNQ1):c.394A>C (p.Ile132Leu),NC_000011.10:2527934:A:C,11,2527935,A,C,ClinVar,,,VSD,Voltage-Sensing Domain,41.63480695008506,True,0.3,1.0,0.6,11:2527935:A:C,21.0,0.525,0.0893,likely_benign,False,0.30429,0.0623087261320328,0.3630950541462114,,,,,,0.3630950541462114,0.95,vsd_gating_like,heuristic,0.3449403014389008,Table S4a,1.1157813600790765,1.376110766220576,,594.3689904761907
KCNQ1,53041.0,53041,C136F,C,F,136.0,Uncertain significance,Cardiac arrhythmia,NM_000218.3(KCNQ1):c.407G>T (p.Cys136Phe),NC_000011.10:2527947:G:T,11,2527948,G,T,ClinVar,,,VSD,Voltage-Sensing Domain,39.05562962584692,True,0.3,1.0,0.6,11:2527948:G:T,29.4,0.735,0.9544,likely_pathogenic,False,0.62682,0.073998634272661,0.4639455219954314,,,,,,0.4639455219954314,0.95,vsd_gating_like,heuristic,0.4407482458956598,Table S4b,0.23429716911434276,2.2051144552329665,,69.06389393939392
KCNQ1,53043.0,53043,E146K,E,K,146.0,Uncertain significance,Long QT syndrome,NM_000218.3(KCNQ1):c.436G>A (p.Glu146Lys),NC_000011.10:2527976:G:A,11,2527977,G,A,ClinVar,,,VSD,Voltage-Sensing Domain,38.04255808363459,True,0.3,1.0,0.6,11:2527977:G:A,25.6,0.64,0.1173,likely_benign,False,0.34719,0.0791689946178309,0.3818661481162408,,,,,,0.3818661481162408,0.95,vsd_gating_like,heuristic,0.3627728407104288,Table S4b,0.6509491272419593,1.1758567498478685,,318.39189736842104
KCNQ1,53049.0,53049,E160K,E,K,160.0,Conflicting classifications of pathogenicity,Long QT syndrome,NM_000218.3(KCNQ1):c.478G>A (p.Glu160Lys),NC_000011.10:2570627:G:A,11,2570628,G,A,ClinVar,,,VSD,Voltage-Sensing Domain,44.49879402879595,True,0.5,1.0,0.6,11:2570628:G:A,36.0,0.9,0.9966,likely_pathogenic,False,0.76898,0.0514787453276288,0.49871156086467,,,,,,0.49871156086467,0.95,vsd_gating_like,heuristic,0.4737759828214365,Table S4a,-0.04142738577928328,,,
KCNQ1,53058.0,53058,R174C,R,C,174.0,Pathogenic/Likely pathogenic,not provided,NM_000218.3(KCNQ1):c.520C>T (p.Arg174Cys),NC_000011.10:2570669:C:T,11,2570670,C,T,ClinVar,,,VSD,Voltage-Sensing Domain,50.05281428669135,True,0.95,1.0,0.6,11:2570670:C:T,33.0,0.825,0.979,likely_pathogenic,False,0.9212,0.0355486077809575,0.538802012723335,,,,,,0.538802012723335,0.95,vsd_gating_like,heuristic,0.5118619120871682,Table S4a,0.004399341029120447,,,
KCNQ1,53059.0,53059,R174H,R,H,174.0,Pathogenic/Likely pathogenic,Cardiac arrhythmia,NM_000218.3(KCNQ1):c.521G>A (p.Arg174His),NC_000011.10:2570670:G:A,11,2570671,G,A,ClinVar,,,VSD,Voltage-Sensing Domain,50.05281428669135,True,0.95,1.0,0.6,11:2570671:G:A,33.0,0.825,0.9861,likely_pathogenic,False,0.92333,0.0355486077809575,0.5394410127233351,,,,,,0.5394410127233351,0.95,vsd_gating_like,heuristic,0.5124689620871683,Table S4b,-0.010936355588415882,,,
KCNQ1,53063.0,53063,G179S,G,S,179.0,Pathogenic,Long QT syndrome 1,NM_000218.3(KCNQ1):c.535G>A (p.Gly179Ser),NC_000011.10:2570684:G:A,11,2570685,G,A,ClinVar,,,VSD,Voltage-Sensing Domain,55.074472610943886,True,1.0,1.0,0.6,11:2570685:G:A,29.7,0.7424999999999999,0.8759,likely_pathogenic,False,0.8855200000000001,0.0254349387859427,0.5245582285750799,,,,,,0.5245582285750799,0.95,vsd_gating_like,heuristic,0.4983303171463259,Table S4a,0.09724542194126962,,,314.5493
KCNQ1,53066.0,53066,L187P,L,P,187.0,Conflicting classifications of pathogenicity,Long QT syndrome 1,NM_000218.3(KCNQ1):c.560T>C (p.Leu187Pro),NC_000011.10:2570709:T:C,11,2570710,T,C,ClinVar,,,VSD,Voltage-Sensing Domain,55.75018036918521,True,0.5,1.0,0.6,11:2570710:T:C,25.4,0.635,0.2117,likely_benign,False,0.45401,0.0243145901461031,0.3947131065511361,,,,,,0.3947131065511361,0.95,vsd_gating_like,heuristic,0.3749774512235793,Table S4b,0.6760674180781129,0.8013817374483566,,335.59358064516135
KCNQ1,53068.0,53068,G189E,G,E,189.0,Likely pathogenic,Cardiac arrhythmia,NM_000218.3(KCNQ1):c.566G>A (p.Gly189Glu),NC_000011.10:2570715:G:A,11,2570716,G,A,ClinVar,,,VSD,Voltage-Sensing Domain,52.164728231409775,True,0.8,1.0,0.6,11:2570716:G:A,32.0,0.8,0.9959,likely_pathogenic,False,0.85877,0.0308799383964658,0.5184389784387631,,,,,,0.5184389784387631,0.95,vsd_gating_like,heuristic,0.4925170295168249,Table S4b,0.0475182515060994,,,
KCNQ1,53086.0,53086,R231C,R,C,231.0,Pathogenic/Likely pathogenic,Cardiovascular phenotype,NM_000218.3(KCNQ1):c.691C>T (p.Arg231Cys),NC_000011.10:2572019:C:T,11,2572020,C,T,ClinVar,,,Pore,Pore Domain (S5-S6),34.40689843188772,True,0.95,1.0,0.9,11:2572020:C:T,34.0,0.85,0.9727,likely_pathogenic,False,0.92681,0.1008830626152928,0.6383520719153525,,,,,,0.6383520719153525,0.75,severe_pore_lof_like,heuristic,0.4787640539365143,Table S4a,0.5226032466303613,,,
KCNQ1,560702.0,560702,G119R,G,R,119.0,Pathogenic/Likely pathogenic,Cardiovascular phenotype,NM_000218.3(KCNQ1):c.355G>C (p.Gly119Arg),NC_000011.10:2445452:G:C,11,2445453,G,C,ClinVar,,,VSD,Voltage-Sensing Domain,48.57342529364979,True,0.95,1.0,0.6,11:2445453:G:C,27.2,0.6799999999999999,0.9608,likely_pathogenic,False,0.8722399999999999,0.0392333411985985,0.5254036694195094,,,,,,0.5254036694195094,0.95,vsd_gating_like,heuristic,0.4991334859485339,Table S4b,0.0859169149477181,,,
KCNQ1,578178.0,578178,R192C,R,C,192.0,Uncertain significance,Cardiovascular phenotype,NM_000218.3(KCNQ1):c.574C>T (p.Arg192Cys),NC_000011.10:2570723:C:T,11,2570724,C,T,ClinVar,,,VSD,Voltage-Sensing Domain,47.78186835792266,True,0.3,1.0,0.6,11:2570724:C:T,34.0,0.85,0.2861,likely_benign,False,0.46083,0.0413593034312423,0.4027247562009348,,,,,,0.4027247562009348,0.95,vsd_gating_like,heuristic,0.3825885183908881,Table S4b,0.20901804943861155,2.1203445555214104,,317.0323703703704
KCNQ1,67068.0,67068,V129I,V,I,129.0,Uncertain significance,not provided,NM_000218.3(KCNQ1):c.385G>A (p.Val129Ile),NC_000011.10:2445482:G:A,11,2445483,G,A,ClinVar,,,VSD,Voltage-Sensing Domain,42.890360303046386,True,0.3,1.0,0.6,11:2445483:G:A,26.6,0.665,0.4371,ambiguous,False,0.45063,0.0573055756600997,0.4052459514810349,,,,,,0.4052459514810349,0.95,vsd_gating_like,heuristic,0.3849836539069831,Table S4b,0.827255221232352,1.3997642173937423,,398.17022727272723
KCNQ1,67069.0,67069,V133I,V,I,133.0,Uncertain significance,Cardiac arrhythmia,NM_000218.3(KCNQ1):c.397G>A (p.Val133Ile),NC_000011.10:2527937:G:A,11,2527938,G,A,ClinVar,,,VSD,Voltage-Sensing Domain,38.709335387427245,True,0.3,1.0,0.6,11:2527938:G:A,28.7,0.7175,0.4474,ambiguous,False,0.46947,0.075726860048978,0.4173454010171423,,,,,,0.4173454010171423,0.95,vsd_gating_like,heuristic,0.3964781309662852,Table S4b,0.6740939476445028,1.3043803532947074,,258.4557647058823
KCNQ1,67070.0,67070,L134P,L,P,134.0,Conflicting classifications of pathogenicity,not provided,NM_000218.3(KCNQ1):c.401T>C (p.Leu134Pro),NC_000011.10:2527941:T:C,11,2527942,T,C,ClinVar,,,VSD,Voltage-Sensing Domain,36.34045584740519,True,0.5,1.0,0.6,11:2527942:T:C,29.2,0.73,0.9959,likely_pathogenic,False,0.71777,0.0886821139560098,0.4963697398846034,,,,,,0.4963697398846034,0.95,vsd_gating_like,heuristic,0.4715512528903732,Table S4b,0.025214178379033635,,,
KCNQ1,67073.0,67073,T144A,T,A,144.0,Conflicting classifications of pathogenicity,Long QT syndrome,NM_000218.3(KCNQ1):c.430A>G (p.Thr144Ala),NC_000011.10:2527970:A:G,11,2527971,A,G,ClinVar,,,VSD,Voltage-Sensing Domain,34.14261214857517,True,0.5,1.0,0.6,11:2527971:A:G,26.4,0.6599999999999999,0.9112,likely_pathogenic,False,0.67136,0.1026762809711432,0.4873446983399001,,,,,,0.4873446983399001,0.95,vsd_gating_like,heuristic,0.4629774634229051,Table S4b,0.5031742112032701,2.169151008771197,,265.03288888888886
KCNQ1,67077.0,67077,V162M,V,M,162.0,Uncertain significance,not specified,NM_000218.3(KCNQ1):c.484G>A (p.Val162Met),NC_000011.10:2570633:G:A,11,2570634,G,A,ClinVar,,,VSD,Voltage-Sensing Domain,48.597663934075946,True,0.3,1.0,0.6,11:2570634:G:A,24.6,0.615,0.1891,likely_benign,False,0.36123,0.0391699948700099,0.3720784982045034,,,,,,0.3720784982045034,0.95,vsd_gating_like,heuristic,0.3534745732942783,Table S4b,0.24464448667498007,1.9283753843751872,,272.74552631578945
KCNQ1,67088.0,67088,R195Q,R,Q,195.0,Uncertain significance,KCNQ1-related disorder,NM_000218.3(KCNQ1):c.584G>A (p.Arg195Gln),NC_000011.10:2570733:G:A,11,2570734,G,A,ClinVar,,,VSD,Voltage-Sensing Domain,43.52202178038065,True,0.3,1.0,0.6,11:2570734:G:A,34.0,0.85,0.1974,likely_benign,False,0.43422,0.0549424987073054,0.3994958745475568,,,,,,0.3994958745475568,0.95,vsd_gating_like,heuristic,0.379521080820179,Table S4b,0.49464103385137553,1.2597801812604308,,326.9292352941177
KCNQ1,67094.0,67094,S209P,S,P,209.0,Pathogenic,Long QT syndrome,NM_000218.3(KCNQ1):c.625T>C (p.Ser209Pro),NC_000011.10:2571344:T:C,11,2571345,T,C,ClinVar,,,Pore,Pore Domain (S5-S6),43.18863985870531,True,1.0,1.0,0.9,11:2571345:T:C,32.0,0.8,0.9947,likely_pathogenic,False,0.93841,0.0561772921925742,0.626185052267401,,,,,,0.626185052267401,0.75,severe_pore_lof_like,heuristic,0.4696387892005507,Table S4a,0.8552971009776841,1.8810623313636088,,
KCNQ1,67095.0,67095,K218E,K,E,218.0,Uncertain significance,Cardiovascular phenotype,NM_000218.3(KCNQ1):c.652A>G (p.Lys218Glu),NC_000011.10:2571371:A:G,11,2571372,A,G,ClinVar,,,Pore,Pore Domain (S5-S6),51.046696812879,True,0.3,1.0,0.9,11:2571372:A:G,24.8,0.62,0.1442,likely_benign,False,0.34926,0.0332695364886879,0.4414223377710408,,,,,,0.4414223377710408,0.85,default_unknown,heuristic,0.3752089871053846,Table S4b,0.45552303733081495,2.122169263467515,,353.3450869565217
KCNQ1,684829.0,684829,R195P,R,P,195.0,Uncertain significance,Long QT syndrome,NM_000218.3(KCNQ1):c.584G>C (p.Arg195Pro),NC_000011.10:2570733:G:C,11,2570734,G,C,ClinVar,,,VSD,Voltage-Sensing Domain,43.52202178038065,True,0.3,1.0,0.6,11:2570734:G:C,34.0,0.85,0.9784,likely_pathogenic,False,0.66852,0.0549424987073054,0.4697858745475568,,,,,,0.4697858745475568,0.95,vsd_gating_like,heuristic,0.446296580820179,Table S4b,-0.008277468370407638,,,
KCNQ1,923241.0,923241,M210I,M,I,210.0,Uncertain significance,Cardiac arrhythmia,NM_000218.3(KCNQ1):c.630G>A (p.Met210Ile),NC_000011.10:2571349:G:A,11,2571350,G,A,ClinVar,,,Pore,Pore Domain (S5-S6),46.788955906553824,True,0.3,1.0,0.9,11:2571350:G:A,19.89,0.49725,0.2282,likely_benign,False,0.337635,0.0441896921176719,0.4417568922411852,,,,,,0.4417568922411852,0.85,default_unknown,heuristic,0.3754933584050074,Table S4b,0.6346554692434364,1.0056320207848275,,292.39392
