gene,clinvar_id,variant_id,protein_change,aa_ref,aa_alt,residue_num,clinical_significance,trait,hgvs_c,canonical_spdi,chromosome,position,ref,alt,source,gnomad_af,gnomad_ac,structural_region,region_label,pocket_dist_A,structural_coords_available,clinvar_tier_score,rarity_score,region_drug_score,variant_key,cadd_phred,cadd_norm,alphamissense_score,alphamissense_class,path_score_imputed,path_score,pocket_proximity_score,rescue_score,structural_opportunity_score,tractability_modifier,tractability_class,tractability_basis,rescue_priority_score,bhatt_current_rel_wt,bhatt_delta_vhalf,bhatt_k_ratio,bhatt_tau_ratio,bhatt_phenotype,bhatt_homo_current_rel_wt,bhatt_homo_functional_class,bhatt_hetero_current_rel_wt,bhatt_hetero_functional_class,bhatt_wt_cotransfection_rescue,bhatt_retig_current_fold_vs_variant_ctrl,bhatt_retig_delta_vhalf_vs_variant_ctrl,bhatt_retig_k_ratio_vs_variant_ctrl,bhatt_retig_tau_ratio_vs_variant_ctrl,bhatt_retig_current_rel_wt_ctrl,bhatt_retig_delta_vhalf_vs_wt_ctrl,bhatt_retig_k_ratio_vs_wt_ctrl,bhatt_retig_reaches_wt_current,bhatt_mechanism_class,bhatt_retig_responsive_current50,bhatt_retig_responsive_vhalf10,bhatt_retig_responsive_any
KCNQ2,167208.0,167208,T274M,T,M,274.0,Pathogenic/Likely pathogenic,Early-infantile DEE,NM_172107.4(KCNQ2):c.821C>T (p.Thr274Met),NC_000020.11:63439703:G:A,20,63439704,G,A,ClinVar,,,Pore,Pore Domain (S5-S6),10.749525226129478,True,0.95,1.0,0.9,20:63439704:G:A,32.0,0.8,0.9887,likely_pathogenic,False,0.91661,0.4883929288349585,0.7709205250922354,0.7709205250922354,1.0,partial_rescue,bhatt_direct,0.7709205250922354,0.5157176863516636,1.9985912708108444,0.8925964040989697,0.6796116504854369,DEE,0.08963171669594008,LOF,0.5157176863516636,pLOF,-p R-,6.268256386861375,-30.902478375197227,1.3642489484281473,1.1843963350162385,2.7036241867528727,-30.500677997080107,1.2177237056627648,True,partial_rescue,True,True,True
KCNQ2,1691227.0,1691227,L81P,L,P,81.0,Likely pathogenic,"Seizures, benign familial neonatal, 1",NM_172107.4(KCNQ2):c.242T>C (p.Leu81Pro),NC_000020.11:63472221:A:G,20,63472222,A,G,ClinVar,,,VSD,Voltage-Sensing Domain,43.711284844604464,True,0.8,1.0,0.6,20:63472222:A:G,33.0,0.825,0.998,likely_pathogenic,False,0.8669,0.0542536148117388,0.5290587651841085,0.5290587651841085,0.75,no_rescue_annotated,bhatt_direct,0.3967940738880814,0.6823438543497511,-4.273350000000002,0.9921713115929538,0.8936170212765957,BFNE,0.34301737331273086,pLOF,0.6823438543497511,pLOF,none,2.5106774953240554,-37.393999999999984,1.14573336692,1.060443650096092,2.587474808948601,-41.66735000000002,1.1367637773928274,True,no_rescue_annotated,True,True,True
KCNQ2,1709240.0,1709240,Y284H,Y,H,284.0,Pathogenic,"Developmental and epileptic encephalopathy, 7",NM_172107.4(KCNQ2):c.850T>C (p.Tyr284His),NC_000020.11:63439674:A:G,20,63439675,A,G,ClinVar,,,Pore,Pore Domain (S5-S6),19.535876668118117,True,1.0,1.0,0.9,20:63439675:A:G,25.6,0.64,0.8251,likely_pathogenic,False,0.8395299999999999,0.2718807364230929,0.6720172577480824,0.6720172577480824,1.0,partial_rescue,bhatt_direct,0.6720172577480824,0.5792245495129061,-3.848591421568625,0.8455166853819353,0.7285714285714285,DEE,0.07118813848654351,LOF,0.5792245495129061,pLOF,-p R-,3.593434494362249,-28.883640051631936,1.53863252729683,1.1966377770828838,2.8136304434410784,-32.95434950980392,1.3009394745008458,True,partial_rescue,True,True,True
KCNQ2,1805714.0,1805714,G279S,G,S,279.0,Pathogenic,"Developmental and epileptic encephalopathy, 7",NM_172107.4(KCNQ2):c.835G>A (p.Gly279Ser),NC_000020.11:63439689:C:T,20,63439690,C,T,ClinVar,,,Pore,Pore Domain (S5-S6),13.507730134608474,True,1.0,1.0,0.9,20:63439690:C:T,31.0,0.775,0.9967,likely_pathogenic,False,0.93151,0.4063601911727414,0.7466790669104595,0.7466790669104595,1.0,partial_rescue,bhatt_direct,0.7466790669104595,0.32095462296690425,-4.1042366013071865,0.7792868394218218,0.627906976744186,DEE,0.04887221344287872,LOF,0.32095462296690425,pLOF,-p R-,3.4924296918956914,-27.244463667820074,1.5078225566368826,1.097029842879374,1.5827920166803755,-31.258103114186845,1.175026274570487,True,partial_rescue,True,True,True
KCNQ2,194446.0,194446,V543M,V,M,543.0,Conflicting classifications of pathogenicity,Early-infantile DEE,NM_172107.4(KCNQ2):c.1627G>A (p.Val543Met),NC_000020.11:63414091:C:T,20,63414092,C,T,ClinVar,,,Assembly,Trafficking/Assembly,,False,0.5,1.0,0.3,20:63414092:C:T,27.5,0.6875,0.2769,likely_benign,False,0.48932,0.3,0.4267959999999999,0.4267959999999999,0.75,no_rescue_annotated,bhatt_direct,0.3200969999999999,0.5503643233988024,-4.672430397727273,0.936636074382026,0.7457627118644068,BFNE,0.4511424602465188,pLOF,0.5503643233988024,pLOF,none,4.209697536863321,-32.72383673469388,1.1349981991606866,1.041114099593871,3.1838691787280133,-37.53090133553422,1.0630802576925344,True,no_rescue_annotated,True,True,True
KCNQ2,198284.0,198284,G281R,G,R,281.0,Conflicting classifications of pathogenicity,Early-infantile DEE,NM_172107.4(KCNQ2):c.841G>A (p.Gly281Arg),NC_000020.11:63439683:C:T,20,63439684,C,T,ClinVar,,,Pore,Pore Domain (S5-S6),18.43989610864905,True,0.5,1.0,0.9,20:63439684:C:T,35.0,0.875,0.9997,likely_pathogenic,False,0.76241,0.2924895301694691,0.6560943355593142,0.6560943355593142,1.0,partial_rescue,bhatt_direct,0.6560943355593142,0.27463784270012226,-1.6333180676020422,0.8857577738683913,0.7017543859649122,DEE,0.040123572615714684,LOF,0.27463784270012226,pLOF,-p R-,10.219827644470383,-29.207026526315786,1.2658195823085499,1.2569353833735863,3.5134175203116333,-31.034119965091303,1.1212095353446379,True,partial_rescue,True,True,True
KCNQ2,205862.0,205862,S113F,S,F,113.0,Conflicting classifications of pathogenicity,Early-infantile DEE,NM_172107.4(KCNQ2):c.338C>T (p.Ser113Phe),NC_000020.11:63446795:G:A,20,63446796,G,A,ClinVar,,,VSD,Voltage-Sensing Domain,33.90431589651706,True,0.5,1.0,0.6,20:63446796:G:A,32.0,0.8,0.9911,likely_pathogenic,False,0.73733,0.1043204646808427,0.507711162638295,0.507711162638295,1.0,full_rescue,bhatt_direct,0.507711162638295,0.8864089518346083,9.084335592592591,1.7521905779229958,0.8571428571428571,DEE,0.6791494170411888,pLOF,0.8864089518346083,N,-f R-,3.746099946151747,-24.221292549549542,1.3071009359426262,0.8442749238504532,2.491909532305361,-15.136956956956952,2.290289944352999,True,full_rescue,True,True,True
KCNQ2,205864.0,205864,R144Q,R,Q,144.0,Pathogenic/Likely pathogenic,Early-infantile DEE,NM_172107.4(KCNQ2):c.431G>A (p.Arg144Gln),NC_000020.11:63445320:C:T,20,63445321,C,T,ClinVar,,,VSD,Voltage-Sensing Domain,41.8589422241779,True,0.95,1.0,0.6,20:63445321:C:T,34.0,0.85,0.9948,likely_pathogenic,False,0.93344,0.0613846086762188,0.5515166130366765,0.5515166130366765,1.0,full_rescue,bhatt_direct,0.5515166130366765,1.0132810227418543,-4.563909749126708,1.0608879756784786,0.6875,DEE,0.5387184220772291,pLOF,1.0132810227418543,N,-f R-,2.7943439291460974,-37.05681351689611,1.1096698953091277,1.3778561243901817,4.458020959718921,-41.62072326602282,1.17723544890585,True,full_rescue,True,True,True
KCNQ2,205865.0,205865,A193D,A,D,193.0,Pathogenic,Early-infantile DEE,NM_172107.4(KCNQ2):c.578C>A (p.Ala193Asp),NC_000020.11:63444770:G:T,20,63444771,G,T,ClinVar,,,VSD,Voltage-Sensing Domain,36.26627440507718,True,1.0,1.0,0.6,20:63444771:G:T,31.0,0.775,0.9996,likely_pathogenic,False,0.93238,0.0891217713487227,0.5609066199720529,0.5609066199720529,0.95,vsd_retained_current,bhatt_proxy,0.5328612889734503,0.37963217590333065,-14.14564888337469,1.3108291724548404,0.43333333333333335,DEE,0.8198293680079645,N,0.37963217590333065,pLOF,,2.457153546206188,-33.07688311688312,1.1332962270251243,0.9133120120695686,2.039908986824893,-47.22712697947214,1.4855577554175368,True,unassigned,True,True,True
KCNQ2,205867.0,205867,R198Q,R,Q,198.0,Pathogenic,Early-infantile DEE,NM_172107.4(KCNQ2):c.593G>A (p.Arg198Gln),NC_000020.11:63444755:C:T,20,63444756,C,T,ClinVar,,,VSD,Voltage-Sensing Domain,31.784503800140005,True,1.0,1.0,0.6,20:63444756:C:T,34.0,0.85,0.9885,likely_pathogenic,False,0.95155,0.1201556948593155,0.5775194932007603,0.5775194932007603,0.95,vsd_retained_current,bhatt_proxy,0.5486435185407224,1.7565679272401638,-10.290273076923079,1.2303615621683535,0.8387096774193549,DEE,1.3820189312229434,N,1.7565679272401638,GOF,,1.3941101298439815,-36.95671328671329,0.9411073931710683,1.1695735442293769,4.056037536761781,-47.246986363636374,1.1579023624301423,True,unassigned,False,True,True
KCNQ2,205869.0,205869,R201C,R,C,201.0,Pathogenic,Early-infantile DEE,NM_172107.4(KCNQ2):c.601C>T (p.Arg201Cys),NC_000020.11:63444747:G:A,20,63444748,G,A,ClinVar,,,Pore,Pore Domain (S5-S6),29.952545996598815,True,1.0,1.0,0.9,20:63444748:G:A,33.0,0.825,0.9966,likely_pathogenic,False,0.94648,0.1357641079266372,0.656461437774323,0.656461437774323,1.0,full_rescue,bhatt_direct,0.656461437774323,0.9382629993031918,-3.3564999999999983,1.3217873804026643,0.6578947368421053,DEE,1.6652063583887722,GOF,0.9382629993031918,N,-f R-,2.4401890326467632,-34.21769230769231,1.3121422117316215,0.9892256960907826,2.686387520411732,-37.622564102564105,1.7343730167604978,True,full_rescue,True,True,True
KCNQ2,205871.0,205871,Q204H,Q,H,204.0,Conflicting classifications of pathogenicity,Early-infantile DEE,NM_172107.4(KCNQ2):c.612G>C (p.Gln204His),NC_000020.11:63444736:C:G,20,63444737,C,G,ClinVar,,,Pore,Pore Domain (S5-S6),29.792948517843055,True,0.5,1.0,0.9,20:63444737:C:G,23.1,0.5775,0.9983,likely_pathogenic,False,0.67274,0.1372163271998603,0.5748477145199511,0.5748477145199511,1.0,full_rescue,bhatt_direct,0.5748477145199511,1.2413815223626492,1.8942004357298472,1.1493347366436797,1.0303030303030303,BFNE,0.6148884219123973,pLOF,1.2413815223626492,N,-f R-,3.88730523560721,-27.311607843137246,1.2162226522273267,1.0723125137665952,3.7607829122037026,-25.417407407407413,1.3978469416977721,True,full_rescue,True,True,True
KCNQ2,205886.0,205886,A294V,A,V,294.0,Pathogenic,Early-infantile DEE,NM_172107.4(KCNQ2):c.881C>T (p.Ala294Val),NC_000020.11:63439643:G:A,20,63439644,G,A,ClinVar,,,Pore,Pore Domain (S5-S6),17.688141518646542,True,1.0,1.0,0.9,20:63439644:G:A,28.7,0.7175,0.9944,likely_pathogenic,False,0.91357,0.3075217585962111,0.7067036155086739,0.7067036155086739,1.0,partial_rescue,bhatt_direct,0.7067036155086739,0.424440644544044,-0.4005959474129815,0.8902218949880026,0.7407407407407407,DEE,0.03884423228291067,LOF,0.48604999525035025,pLOF,-p R-,4.39955001990707,-29.913684669332703,1.3556732759903247,1.331767797237085,2.445843599666512,-30.508854735209844,1.2068500327367004,True,partial_rescue,True,True,True
KCNQ2,205888.0,205888,A306P,A,P,306.0,Pathogenic,"Seizures, benign familial neonatal, 1",NM_172107.4(KCNQ2):c.916G>C (p.Ala306Pro),NC_000020.11:63439608:C:G,20,63439609,C,G,ClinVar,,,Pore,Pore Domain (S5-S6),5.812765416023389,True,1.0,1.0,0.9,20:63439609:C:G,25.9,0.6475,0.9985,likely_pathogenic,False,0.8937999999999999,0.6787396242536942,0.8306988684887928,0.8306988684887928,1.0,partial_rescue,bhatt_direct,0.8306988684887928,0.28840638958599996,-7.095623827595552,0.820480378205548,0.6086956521739131,DEE,0.05228170714961609,LOF,0.28840638958599996,pLOF,-p R-,4.176774463998869,-19.269421875,1.3611375684413338,1.00976500018127,1.7445841689258164,-26.373544686907017,1.1167866669445254,True,partial_rescue,True,True,True
KCNQ2,205892.0,205892,P335L,P,L,335.0,Pathogenic/Likely pathogenic,Early-infantile DEE,NM_172107.4(KCNQ2):c.1004C>T (p.Pro335Leu),NC_000020.11:63438643:G:A,20,63438644,G,A,ClinVar,,,CaM,CaM/Interface Region,,False,0.95,1.0,0.5,20:63438644:G:A,29.3,0.7325,0.9914,likely_pathogenic,False,0.8971699999999999,0.3,0.599151,0.599151,1.0,full_rescue,bhatt_direct,0.599151,0.8169239568746863,-6.360478723404266,1.0904625103381498,0.8421052631578947,DEE,0.14420735625519532,LOF,0.8169239568746863,N,-f R-,1.2597715093118649,-19.43821428571428,1.073401873627926,1.3041719253094548,1.3599499903026433,-25.79869300911855,1.1705045017179816,True,full_rescue,False,True,True
KCNQ2,205906.0,205906,A502V,A,V,502.0,Conflicting classifications of pathogenicity,"Seizures, benign familial neonatal, 1",NM_172107.4(KCNQ2):c.1505C>T (p.Ala502Val),NC_000020.11:63414922:G:A,20,63414923,G,A,ClinVar,,,Assembly,Trafficking/Assembly,,False,0.5,1.0,0.3,20:63414923:G:A,23.2,0.58,0.1324,likely_benign,False,0.41372,0.3,0.404116,0.404116,1.0,full_rescue,bhatt_direct,0.404116,0.9631746527404689,-0.07977339181286558,1.0237600084807061,0.9,PV,0.6159651290031927,pLOF,0.9631746527404689,N,-f R-,,,,,,,,,full_rescue,False,False,False
KCNQ2,205915.0,205915,R560W,R,W,560.0,Pathogenic/Likely pathogenic,Neurodevelopmental disorder,NM_172107.4(KCNQ2):c.1678C>T (p.Arg560Trp),NC_000020.11:63413534:G:A,20,63413535,G,A,ClinVar,,,Assembly,Trafficking/Assembly,,False,0.95,1.0,0.3,20:63413535:G:A,27.9,0.6975,0.9946,likely_pathogenic,False,0.8876299999999999,0.3,0.5462889999999999,0.5462889999999999,0.75,no_rescue_annotated,bhatt_direct,0.4097167499999999,0.4269352133755856,2.573432936507935,0.911652460275114,0.9032258064516129,DEE,0.4788052429313205,pLOF,0.4269352133755856,pLOF,none,4.740114627934112,-32.13215515873015,1.2338623963411213,1.0091699460235568,1.9376382256231128,-29.558722222222222,1.1248536892653311,True,no_rescue_annotated,True,True,True
KCNQ2,205921.0,205921,Q586P,Q,P,586.0,Conflicting classifications of pathogenicity,Early-infantile DEE,NM_172107.4(KCNQ2):c.1757A>C (p.Gln586Pro),NC_000020.11:63413455:T:G,20,63413456,T,G,ClinVar,,,Assembly,Trafficking/Assembly,,False,0.5,1.0,0.3,20:63413456:T:G,29.2,0.73,0.9982,likely_pathogenic,False,0.71846,0.3,0.495538,0.495538,1.0,full_rescue,bhatt_direct,0.495538,1.4436076019303072,-2.5209097932651328,1.1002103144798552,0.8518518518518519,unknown,0.4128102863177323,pLOF,1.4436076019303072,N,-f R-,3.090797179886551,-34.85681200689104,1.1060966722083807,1.0654969089312252,4.923217240798737,-37.795408682958474,1.216938967575504,True,full_rescue,True,True,True
KCNQ2,205923.0,205923,R604C,R,C,604.0,Uncertain significance,Early-infantile DEE,NM_172107.4(KCNQ2):c.1810C>T (p.Arg604Cys),NC_000020.11:63408489:G:A,20,63408490,G,A,ClinVar,,,Assembly,Trafficking/Assembly,,False,0.3,1.0,0.3,20:63408490:G:A,33.0,0.825,0.3705,ambiguous,False,0.4786499999999999,0.3,0.4235949999999999,0.4235949999999999,1.0,full_rescue,bhatt_direct,0.4235949999999999,1.250229570247512,0.42194444444444557,0.9500457401658642,0.3103448275862069,PV,0.5214428023229235,pLOF,1.250229570247512,N,-f R-,,,,,,,,,full_rescue,False,False,False
KCNQ2,205924.0,205924,T605S,T,S,605.0,Conflicting classifications of pathogenicity,Early-infantile DEE,NM_172107.4(KCNQ2):c.1814C>G (p.Thr605Ser),NC_000020.11:63408485:G:C,20,63408486,G,C,ClinVar,,,Assembly,Trafficking/Assembly,,False,0.5,1.0,0.3,20:63408486:G:C,19.35,0.48375,0.0784,likely_benign,False,0.368645,0.3,0.3905935,0.3905935,0.75,no_rescue_annotated,bhatt_direct,0.292945125,0.9101594527412549,1.967115384615386,1.0409792663808048,0.28888888888888886,PV,1.2809613541766762,N,0.9101594527412549,N,none,,,,,,,,,no_rescue_annotated,False,False,False
KCNQ2,2152330.0,2152330,T276P,T,P,276.0,Likely pathogenic,Early-infantile DEE,NM_172107.4(KCNQ2):c.826A>C (p.Thr276Pro),NC_000020.11:63439698:T:G,20,63439699,T,G,ClinVar,,,Pore,Pore Domain (S5-S6),5.710049346211842,True,0.8,1.0,0.9,20:63439699:T:G,27.5,0.6875,0.9879,likely_pathogenic,False,0.8226200000000001,0.6834034053133389,0.8109771918596685,0.8109771918596685,1.0,partial_rescue,bhatt_direct,0.8109771918596685,0.3729798982218158,1.2445392555994774,0.8528072657377076,0.9019607843137255,DEE,0.03404751236916264,LOF,0.3729798982218158,pLOF,-p R-,3.512952429245462,-28.54664381884944,1.3162563356384145,1.4147266970435126,1.489709961737471,-27.360585912614525,1.1225129666057305,True,partial_rescue,True,True,True
KCNQ2,216827.0,216827,R760H,R,H,760.0,Uncertain significance,Early-infantile DEE,NM_172107.4(KCNQ2):c.2279G>A (p.Arg760His),NC_000020.11:63406983:C:T,20,63406984,C,T,ClinVar,,,Assembly,Trafficking/Assembly,,False,0.3,1.0,0.3,20:63406984:C:T,24.5,0.6125,0.1082,likely_benign,False,0.33621,0.3,0.3808629999999999,0.3808629999999999,0.75,no_rescue_annotated,bhatt_direct,0.2856472499999999,0.8793099864779754,-0.41985185185184626,1.0111146677114906,0.6923076923076923,PV,1.2612413272056264,N,0.8793099864779754,N,none,,,,,,,,,no_rescue_annotated,False,False,False
KCNQ2,216949.0,216949,G281W,G,W,281.0,Pathogenic,not provided,NM_172107.4(KCNQ2):c.841G>T (p.Gly281Trp),NC_000020.11:63439683:C:A,20,63439684,C,A,ClinVar,,,Pore,Pore Domain (S5-S6),18.43989610864905,True,1.0,1.0,0.9,20:63439684:C:A,30.0,0.75,0.9999,likely_pathogenic,False,0.92497,0.2924895301694691,0.7048623355593141,0.7048623355593141,1.0,partial_rescue,bhatt_direct,0.7048623355593141,0.610862182213423,-0.8597122782258089,0.9237712883094921,0.7547169811320755,DEE,0.03589013067041564,LOF,0.610862182213423,pLOF,-p R-,3.939903180471478,-24.006112774725274,1.1940836423361332,1.2443620120354653,3.1116439697653933,-25.075189501728108,1.1030601846301407,True,partial_rescue,True,True,True
KCNQ2,21769.0,21769,R581Q,R,Q,581.0,Pathogenic/Likely pathogenic,Early-infantile DEE,NM_172107.4(KCNQ2):c.1742G>A (p.Arg581Gln),NC_000020.11:63413470:C:T,20,63413471,C,T,ClinVar,,,Assembly,Trafficking/Assembly,,False,0.95,1.0,0.3,20:63413471:C:T,33.0,0.825,0.9914,likely_pathogenic,False,0.92492,0.3,0.557476,0.557476,0.75,no_rescue_annotated,bhatt_direct,0.418107,0.46714634036284175,0.8737628047921111,0.765167132796155,0.8076923076923077,DEE,0.271916634050234,pLOF,0.46714634036284175,pLOF,none,3.7371352107311377,-33.12385084967319,1.5153904297982235,1.212573997820258,1.9810391536068004,-32.769719074074075,1.1595269502354397,True,no_rescue_annotated,True,True,True
KCNQ2,21792.0,21792,A196V,A,V,196.0,Pathogenic,Early-infantile DEE,NM_172107.4(KCNQ2):c.587C>T (p.Ala196Val),NC_000020.11:63444761:G:A,20,63444762,G,A,ClinVar,,,VSD,Voltage-Sensing Domain,37.23399018923028,True,1.0,1.0,0.6,20:63444762:G:A,29.8,0.745,0.748,likely_pathogenic,False,0.8479000000000001,0.0835536772271548,0.5336137870295042,0.5336137870295042,0.75,no_rescue_annotated,bhatt_direct,0.4002103402721282,0.8484283702193529,6.520282857142856,1.230018118147509,0.8536585365853658,BFNE/DEE,0.8881967746364885,N,0.8484283702193529,N,none,8.053966174103333,-33.01355344537814,1.1388536469382708,1.2124242289217528,3.9975300044446156,-26.493270588235294,1.4008106196524395,True,no_rescue_annotated,True,True,True
KCNQ2,21794.0,21794,D212G,D,G,212.0,Pathogenic,Early-infantile DEE,NM_172107.4(KCNQ2):c.635A>G (p.Asp212Gly),NC_000020.11:63444713:T:C,20,63444714,T,C,ClinVar,,,Pore,Pore Domain (S5-S6),26.92918712326444,True,1.0,1.0,0.9,20:63444714:T:C,31.0,0.775,0.9974,likely_pathogenic,False,0.93172,0.1660810857438512,0.6626443800103479,0.6626443800103479,0.75,no_rescue_annotated,bhatt_direct,0.4969832850077609,0.735604076006099,2.5217349825523416,1.0376805055873517,0.7023809523809523,BFNE,0.44488243235481006,pLOF,0.735604076006099,pLOF,none,6.670970153400069,-33.63484211808093,1.4053705238754566,1.0539465764538987,2.692286933897651,-30.809367866549604,1.458325595752645,True,no_rescue_annotated,True,True,True
KCNQ2,21797.0,21797,H228Q,H,Q,228.0,Pathogenic,Early-infantile DEE,NM_172107.4(KCNQ2):c.684C>A (p.His228Gln),NC_000020.11:63444664:G:T,20,63444665,G,T,ClinVar,,,Pore,Pore Domain (S5-S6),15.565688833449489,True,1.0,1.0,0.9,20:63444665:G:T,25.6,0.64,0.997,likely_pathogenic,False,0.8911,0.3542641035098268,0.7163224362284394,0.7163224362284394,1.0,full_rescue,bhatt_direct,0.7163224362284394,0.9646553999622834,-1.5854429824561436,0.8629857449035719,0.8837209302325582,BFNE,0.13953657459262642,LOF,0.9646553999622834,N,-f R-,1.9953902129566692,-21.767187969924816,0.998830801350264,1.1284142211356127,2.3026254859508075,-23.352630952380956,1.092742872624326,True,full_rescue,True,True,True
KCNQ2,21798.0,21798,L243F,L,F,243.0,Pathogenic,Early-infantile DEE,NM_172107.4(KCNQ2):c.727C>T (p.Leu243Phe),NC_000020.11:63442494:G:A,20,63442495,G,A,ClinVar,,,Pore,Pore Domain (S5-S6),10.995512636663658,True,1.0,1.0,0.9,20:63442495:G:A,29.3,0.7325,0.9928,likely_pathogenic,False,0.91759,0.4804490095443533,0.7684341533405236,0.7684341533405236,1.0,partial_rescue,bhatt_direct,0.7684341533405236,0.5791559063776852,-5.93911383415435,0.9100764192097264,0.7974683544303798,BFNE,0.10582828142430041,LOF,0.5791559063776852,pLOF,-p R-,2.502961772998341,-28.59852813852814,1.2582058803682084,1.220719955184038,2.1196055398408196,-34.53981357758621,1.1450635022341205,True,partial_rescue,True,True,True
KCNQ2,21805.0,21805,A294G,A,G,294.0,Likely pathogenic,KCNQ2-related disorder,NM_172107.4(KCNQ2):c.881C>G (p.Ala294Gly),NC_000020.11:63439643:G:C,20,63439644,G,C,ClinVar,,,Pore,Pore Domain (S5-S6),17.688141518646542,True,0.8,1.0,0.9,20:63439644:G:C,24.1,0.6025,0.5426,ambiguous,False,0.6635300000000001,0.3075217585962111,0.6316916155086739,0.6316916155086739,1.0,partial_rescue,bhatt_direct,0.6316916155086739,0.48604999525035025,-4.253857190635452,0.912081406340134,0.71875,BFNE,0.22267005532928025,LOF,0.424440644544044,pLOF,-p R-,4.307936747427666,-32.24105434782609,1.4509575477815897,1.0559242752565638,2.9719499110140215,-36.49491153846154,1.3233914007204646,True,partial_rescue,True,True,True
KCNQ2,21809.0,21809,R333W,R,W,333.0,Pathogenic,Early-infantile DEE,NM_172107.4(KCNQ2):c.997C>T (p.Arg333Trp),NC_000020.11:63438650:G:A,20,63438651,G,A,ClinVar,,,CaM,CaM/Interface Region,,False,1.0,1.0,0.5,20:63438651:G:A,28.1,0.7025,0.9973,likely_pathogenic,False,0.90994,0.3,0.602982,0.602982,0.75,no_rescue_annotated,bhatt_direct,0.4522365,0.8801977478204035,-1.6212846491228057,0.9452874313373578,0.7702702702702703,DEE,0.855672961818945,N,0.8801977478204035,N,none,4.029951944532146,-30.364632438032686,1.365158232443199,1.2088637139582301,4.086674770158791,-32.052592757936495,1.2904669189152793,True,no_rescue_annotated,True,True,True
KCNQ2,21810.0,21810,R333Q,R,Q,333.0,Pathogenic,Early-infantile DEE,NM_172107.4(KCNQ2):c.998G>A (p.Arg333Gln),NC_000020.11:63438649:C:T,20,63438650,C,T,ClinVar,,,CaM,CaM/Interface Region,,False,1.0,1.0,0.5,20:63438650:C:T,28.7,0.7175,0.9874,likely_pathogenic,False,0.91147,0.3,0.603441,0.603441,0.8,trafficking_interface_like,heuristic,0.4827528,0.7382102975539593,-0.20625356125356106,1.1161199032827553,0.9512195121951219,BFNE,1.164728036855184,N,0.7382102975539593,pLOF,,3.1163851346714733,-24.374184149184156,1.1771352510712279,1.3618716231967893,2.2512962759246475,-24.580437710437717,1.3138240825763408,True,unassigned,True,True,True
KCNQ2,219234.0,219234,Y284D,Y,D,284.0,Pathogenic,"Developmental and epileptic encephalopathy, 7",NM_172107.4(KCNQ2):c.850T>G (p.Tyr284Asp),NC_000020.11:63439674:A:C,20,63439675,A,C,ClinVar,,,Pore,Pore Domain (S5-S6),19.535876668118117,True,1.0,1.0,0.9,20:63439675:A:C,27.1,0.6775,0.9631,likely_pathogenic,False,0.89218,0.2718807364230929,0.6878122577480825,0.6878122577480825,1.0,full_rescue,bhatt_direct,0.6878122577480825,0.3208520368308497,3.2835438461538518,0.8034220291040377,0.8666666666666667,DEE,0.035101694421013345,LOF,0.927555584031236,N,-f R-,3.1885102742377267,-26.884742007575756,1.3501573397866422,1.310912965447547,0.9348846336411173,-23.814255628787883,1.0847461495410937,False,full_rescue,True,True,True
KCNQ2,219235.0,219235,A306V,A,V,306.0,Pathogenic,Early-infantile DEE,NM_172107.4(KCNQ2):c.917C>T (p.Ala306Val),NC_000020.11:63439607:G:A,20,63439608,G,A,ClinVar,,,Pore,Pore Domain (S5-S6),5.812765416023389,True,1.0,1.0,0.9,20:63439608:G:A,26.7,0.6675,0.9872,likely_pathogenic,False,0.8964099999999999,0.6787396242536942,0.8314818684887928,0.8314818684887928,1.0,partial_rescue,bhatt_direct,0.8314818684887928,0.44669447352211145,-1.3654313466111778,0.9087163372547403,0.8055555555555556,DEE,0.08999246066152657,LOF,0.44669447352211145,pLOF,-p R-,2.4787635714708527,-30.658043711119348,1.2605917977394658,1.3140271481211927,1.3343440791751136,-31.91068036563614,1.1455203612151759,True,partial_rescue,True,True,True
KCNQ2,219238.0,219238,E130K,E,K,130.0,Pathogenic,"Developmental and epileptic encephalopathy, 7",NM_172107.4(KCNQ2):c.388G>A (p.Glu130Lys),NC_000020.11:63445363:C:T,20,63445364,C,T,ClinVar,,,VSD,Voltage-Sensing Domain,38.394998669783114,True,1.0,1.0,0.6,20:63445364:C:T,34.0,0.85,0.9991,likely_pathogenic,False,0.95473,0.0773305198430564,0.5634846819450697,0.5634846819450697,1.0,partial_rescue,bhatt_direct,0.5634846819450697,0.4232190614202442,0.7073213009404382,0.9413790535049763,0.859375,DEE,0.08116998148695224,LOF,0.4232190614202442,pLOF,-p R-,3.503530438325437,-27.504101553166066,1.421146598916897,1.3140576187476205,1.7916941437681781,-27.237194410456063,1.3378376401802048,True,partial_rescue,True,True,True
KCNQ2,2573136.0,2573136,Q375E,Q,E,375.0,Uncertain significance,Early-infantile DEE,NM_172107.4(KCNQ2):c.1123C>G (p.Gln375Glu),NC_000020.11:63431364:G:C,20,63431365,G,C,ClinVar,,,CaM,CaM/Interface Region,,False,0.3,1.0,0.5,20:63431365:G:C,24.3,0.6075,0.11,likely_benign,False,0.33525,0.3,0.430575,0.430575,1.0,full_rescue,bhatt_direct,0.430575,0.815266109604352,0.7275589046493285,0.9918466131265865,0.6911764705882353,PV,0.6200190512285594,pLOF,0.815266109604352,N,-f R-,,,,,,,,,full_rescue,False,False,False
KCNQ2,2573138.0,2573138,F104L,F,L,104.0,,,NM_172107.4(KCNQ2):c.312C>G (p.Phe104Leu),NC_000020.11:63446821:G:C,20,63446822,G,C,ClinVar,,,VSD,Voltage-Sensing Domain,28.30696097100557,True,0.2,1.0,0.6,20:63446822:G:C,25.7,0.6425,0.9223,likely_pathogenic,False,0.5494399999999999,0.1515058968935603,0.4678590639127461,0.4678590639127461,0.75,no_rescue_annotated,bhatt_direct,0.3508942979345596,0.8320655701127824,-2.7208789473684205,0.9590898206580029,0.9259259259259259,PV,0.883928480621833,N,0.8320655701127824,N,none,,,,,,,,,no_rescue_annotated,False,False,False
KCNQ2,2573140.0,2573140,D212Y,D,Y,212.0,,,NM_172107.4(KCNQ2):c.634G>T (p.Asp212Tyr),NC_000020.11:63444714:C:A,20,63444715,C,A,ClinVar,,,Pore,Pore Domain (S5-S6),26.92918712326444,True,0.2,1.0,0.9,20:63444715:C:A,32.0,0.8,0.9986,likely_pathogenic,False,0.61958,0.1660810857438512,0.569002380010348,0.569002380010348,1.0,partial_rescue,bhatt_direct,0.569002380010348,0.49163484703065174,-5.799638888888891,0.9911090112533285,0.8571428571428571,DEE,0.22407410097817956,LOF,0.49163484703065174,pLOF,-p R-,2.2743607879504495,-16.476420634920636,1.1847421570845194,1.2899322954165207,1.837837225521855,-22.276059523809526,1.1742086278981736,True,partial_rescue,True,True,True
KCNQ2,2573141.0,2573141,T277I,T,I,277.0,Pathogenic,KCNQ2-related disorder,NM_172107.4(KCNQ2):c.830C>T (p.Thr277Ile),NC_000020.11:63439694:G:A,20,63439695,G,A,ClinVar,,,Pore,Pore Domain (S5-S6),9.211293573569188,True,1.0,1.0,0.9,20:63439695:G:A,29.8,0.745,0.9992,likely_pathogenic,False,0.92326,0.5411351380621279,0.7913752983217447,0.7913752983217447,1.0,partial_rescue,bhatt_direct,0.7913752983217447,0.44936609734492905,0.8835583030303074,0.8520504100702535,0.7758620689655172,DEE,0.02417454533016714,LOF,0.44936609734492905,pLOF,-p R-,2.410207348436329,-30.678331168831164,1.3442420651628162,1.2560218756340782,1.0720221214344785,-30.088936115702474,1.145362002855662,True,partial_rescue,True,True,True
KCNQ2,2573142.0,2573142,I278V,I,V,278.0,Uncertain significance,Early-infantile DEE,NM_172107.4(KCNQ2):c.832A>G (p.Ile278Val),NC_000020.11:63439692:T:C,20,63439693,T,C,ClinVar,,,Pore,Pore Domain (S5-S6),10.502894687388002,True,0.3,1.0,0.9,20:63439693:T:C,25.7,0.6425,0.6351,likely_pathogenic,False,0.50328,0.4964894824230736,0.6497553188480757,0.6497553188480757,1.0,full_rescue,bhatt_direct,0.6497553188480757,1.0936563359719838,-1.9093492063492075,0.9241011941510027,0.9032258064516129,PV,0.539580971069112,pLOF,1.0936563359719838,N,-f R-,,,,,,,,,full_rescue,False,False,False
KCNQ2,2573143.0,2573143,D282E,D,E,282.0,Pathogenic,Early-infantile DEE,NM_172107.4(KCNQ2):c.846C>A (p.Asp282Glu),NC_000020.11:63439678:G:T,20,63439679,G,T,ClinVar,,,Pore,Pore Domain (S5-S6),19.89161924972294,True,1.0,1.0,0.9,20:63439679:G:T,25.5,0.6375,0.9908,likely_pathogenic,False,0.88849,0.26550862578871,0.6844750190260485,0.6844750190260485,1.0,partial_rescue,bhatt_direct,0.6844750190260485,0.4902534221859615,-2.6174387784090887,0.8382613209925988,0.7213114754098361,DEE,0.058152816168803016,LOF,0.4902534221859615,pLOF,-p R-,4.798422704469049,-31.47422360248447,1.5961074253167609,0.9753617935876038,2.465807091081046,-34.0933515625,1.3379551187921237,True,partial_rescue,True,True,True
KCNQ2,2573144.0,2573144,Y284N,Y,N,284.0,,,NM_172107.4(KCNQ2):c.850T>A (p.Tyr284Asn),NC_000020.11:63439674:A:T,20,63439675,A,T,ClinVar,,,Pore,Pore Domain (S5-S6),19.535876668118117,True,0.2,1.0,0.9,20:63439675:A:T,26.0,0.65,0.8457,likely_pathogenic,False,0.52871,0.2718807364230929,0.5787712577480825,0.5787712577480825,1.0,partial_rescue,bhatt_direct,0.5787712577480825,0.45380441126853244,-2.4765569137931034,0.8522413842936922,0.78125,DEE,0.09328653261675832,LOF,0.45380441126853244,pLOF,-p R-,2.8405383761927294,-28.174859710941238,1.327149946177711,1.252441197638494,1.975979994444816,-30.38109346816976,1.1310521072957915,True,partial_rescue,True,True,True
KCNQ2,2573145.0,2573145,R291G,R,G,291.0,,,NM_172107.4(KCNQ2):c.871A>G (p.Arg291Gly),NC_000020.11:63439653:T:C,20,63439654,T,C,ClinVar,,,Pore,Pore Domain (S5-S6),22.128876565511987,True,0.2,1.0,0.9,20:63439654:T:C,24.1,0.6025,0.9977,likely_pathogenic,False,0.56006,0.2287196096364257,0.573069863372749,0.573069863372749,1.0,partial_rescue,bhatt_direct,0.573069863372749,0.3216918014655422,5.304877450980389,0.8404406954511298,0.8095238095238095,DEE,0.05098578714917966,LOF,0.3216918014655422,pLOF,-p R-,3.8042431189213266,-22.20322268907563,1.2014706660633048,1.180699389547106,0.9963378727187274,-16.89834523809524,1.009764842150376,False,partial_rescue,True,True,True
KCNQ2,279931.0,279931,R210H,R,H,210.0,Pathogenic,not provided,NM_172107.4(KCNQ2):c.629G>A (p.Arg210His),NC_000020.11:63444719:C:T,20,63444720,C,T,ClinVar,,,Pore,Pore Domain (S5-S6),28.71384857924533,True,1.0,1.0,0.9,20:63444720:C:T,33.0,0.825,0.985,likely_pathogenic,False,0.943,0.1474514113644126,0.6595079939775443,0.6595079939775443,1.0,partial_rescue,bhatt_direct,0.6595079939775443,0.6651156240863115,5.482957692307689,1.4535190916999143,0.8478260869565217,DEE,0.21378114814361385,LOF,0.6651156240863115,pLOF,-p R-,4.552007433665721,-40.97104453441294,1.1812778205913856,1.2197494127565716,2.3300272164195373,-35.488086842105275,1.7170098648312455,True,partial_rescue,True,True,True
KCNQ2,339329.0,339329,S751L,S,L,751.0,Uncertain significance,Early-infantile DEE,NM_172107.4(KCNQ2):c.2252C>T (p.Ser751Leu),NC_000020.11:63407010:G:A,20,63407011,G,A,ClinVar,,,Assembly,Trafficking/Assembly,,False,0.3,1.0,0.3,20:63407011:G:A,23.4,0.585,0.1653,likely_benign,False,0.34509,0.3,0.3835269999999999,0.3835269999999999,1.0,full_rescue,bhatt_direct,0.3835269999999999,1.7616397713196166,0.4483235294117658,1.0816653831190999,0.4358974358974359,PV,0.7280162990785919,pLOF,1.7616397713196166,GOF,-f R-,,,,,,,,,full_rescue,False,False,False
KCNQ2,339330.0,339330,G737S,G,S,737.0,Conflicting classifications of pathogenicity,Early-infantile DEE,NM_172107.4(KCNQ2):c.2209G>A (p.Gly737Ser),NC_000020.11:63407053:C:T,20,63407054,C,T,ClinVar,,,Assembly,Trafficking/Assembly,,False,0.5,1.0,0.3,20:63407054:C:T,15.22,0.3805,0.0631,likely_benign,False,0.33308,0.3,0.379924,0.379924,1.0,full_rescue,bhatt_direct,0.379924,1.155178365813575,-0.4504999999999992,1.0565798353354028,0.5128205128205128,PV,0.6847367151346457,pLOF,1.155178365813575,N,-f R-,,,,,,,,,full_rescue,False,False,False
KCNQ2,369753.0,369753,R201H,R,H,201.0,Pathogenic,Early-infantile DEE,NM_172107.4(KCNQ2):c.602G>A (p.Arg201His),NC_000020.11:63444746:C:T,20,63444747,C,T,ClinVar,,,Pore,Pore Domain (S5-S6),29.952545996598815,True,1.0,1.0,0.9,20:63444747:C:T,33.0,0.825,0.9954,likely_pathogenic,False,0.94612,0.1357641079266372,0.656353437774323,0.656353437774323,1.0,full_rescue,bhatt_direct,0.656353437774323,1.0388591411209491,-17.236623093681914,1.2242194856233073,0.8947368421052632,DEE,1.7712458356898684,GOF,1.0388591411209491,N,-f R-,1.8925395058147203,-21.272784313725488,1.2608204375727439,0.7638090660871901,4.392208025742968,-38.5094074074074,1.5435209475486578,True,full_rescue,True,True,True
KCNQ2,369754.0,369754,L203P,L,P,203.0,Pathogenic,Early-infantile DEE,NM_172107.4(KCNQ2):c.608T>C (p.Leu203Pro),NC_000020.11:63444740:A:G,20,63444741,A,G,ClinVar,,,Pore,Pore Domain (S5-S6),31.22385643451624,True,1.0,1.0,0.9,20:63444741:A:G,31.0,0.775,0.9996,likely_pathogenic,False,0.93238,0.1247316774896797,0.6483700871213879,0.6483700871213879,1.0,full_rescue,bhatt_direct,0.6483700871213879,0.9410010694981489,10.87264975925926,1.6943055970090641,0.9523809523809523,DEE,0.34498845712552595,pLOF,0.9410010694981489,N,-f R-,5.538644691922142,-27.539859299719893,1.3780251841395086,0.9591047476075258,2.6539477116220342,-16.782799564270153,2.334795782307016,True,full_rescue,True,True,True
KCNQ2,369764.0,369764,T276I,T,I,276.0,Pathogenic,not provided,NM_172107.4(KCNQ2):c.827C>T (p.Thr276Ile),NC_000020.11:63439697:G:A,20,63439698,G,A,ClinVar,,,Pore,Pore Domain (S5-S6),5.710049346211842,True,1.0,1.0,0.9,20:63439698:G:A,27.7,0.6925,0.9922,likely_pathogenic,False,0.90541,0.6834034053133389,0.8358141918596684,0.8358141918596684,1.0,partial_rescue,bhatt_direct,0.8358141918596684,0.3210649006106487,-0.533200000000001,0.8863822176551662,0.4,DEE,0.05793432838298043,LOF,0.3210649006106487,pLOF,-p R-,5.027968288867432,-33.069891304347834,1.8374231953052824,0.9277493116052108,1.837082088109829,-33.60309130434783,1.6286592466257377,True,partial_rescue,True,True,True
KCNQ2,369765.0,369765,G279C,G,C,279.0,Conflicting classifications of pathogenicity,Inborn genetic diseases,NM_172107.4(KCNQ2):c.835G>T (p.Gly279Cys),NC_000020.11:63439689:C:A,20,63439690,C,A,ClinVar,,,Pore,Pore Domain (S5-S6),13.507730134608474,True,0.5,1.0,0.9,20:63439690:C:A,32.0,0.8,0.9995,likely_pathogenic,False,0.73985,0.4063601911727414,0.6891810669104594,0.6891810669104594,1.0,partial_rescue,bhatt_direct,0.6891810669104594,0.49408993361116604,-4.97130423504825,0.8925733192868737,0.8048780487804879,DEE,0.04811868221661623,LOF,0.49408993361116604,pLOF,-p R-,3.9411498158364187,-30.65659429824561,1.2501755499463085,1.3011412461489722,3.3902345547527966,-35.351002423401304,1.1158733403068695,True,partial_rescue,True,True,True
KCNQ2,369807.0,369807,M578V,M,V,578.0,Pathogenic/Likely pathogenic,"Seizures, benign familial neonatal, 1",NM_172107.4(KCNQ2):c.1732A>G (p.Met578Val),NC_000020.11:63413480:T:C,20,63413481,T,C,ClinVar,,,Assembly,Trafficking/Assembly,,False,0.95,1.0,0.3,20:63413481:T:C,25.9,0.6475,0.9889,likely_pathogenic,False,0.8709199999999999,0.3,0.541276,0.541276,0.75,no_rescue_annotated,bhatt_direct,0.405957,0.7274853668186203,0.5003650793650779,0.8677277528866061,0.875,BFNE,0.4785019181386718,pLOF,0.7274853668186203,pLOF,none,4.272655540213221,-29.640084033613444,1.2075313977865878,1.2254155334185788,2.8164973131886755,-29.139718954248366,1.0478085063413782,True,no_rescue_annotated,True,True,True
KCNQ2,429212.0,429212,I278T,I,T,278.0,Pathogenic/Likely pathogenic,not provided,NM_172107.4(KCNQ2):c.833T>C (p.Ile278Thr),NC_000020.11:63439691:A:G,20,63439692,A,G,ClinVar,,,Pore,Pore Domain (S5-S6),10.502894687388002,True,0.95,1.0,0.9,20:63439692:A:G,28.0,0.7,0.9841,likely_pathogenic,False,0.88523,0.4964894824230736,0.7643403188480757,0.7643403188480757,0.5,dominant_negative,bhatt_direct,0.3821701594240378,0.24570109203568677,-6.173488095238098,0.7710394579220279,0.7777777777777778,DEE,0.06351458563732586,LOF,0.24570109203568677,LOF,-D N-,1.9763464269409372,-17.42142857142858,1.3298102562972431,1.2214335518740238,0.8982417692652025,-23.59491666666667,1.0253361791545794,False,dominant_negative,True,True,True
KCNQ2,429666.0,429666,V567D,V,D,567.0,Pathogenic,not provided,NM_172107.4(KCNQ2):c.1700T>A (p.Val567Asp),NC_000020.11:63413512:A:T,20,63413513,A,T,ClinVar,,,Assembly,Trafficking/Assembly,,False,1.0,1.0,0.3,20:63413513:A:T,28.6,0.7150000000000001,0.9998,likely_pathogenic,False,0.91444,0.3,0.554332,0.554332,0.75,no_rescue_annotated,bhatt_direct,0.415749,0.7166183256253936,-6.286876315789476,1.0842808317875055,0.9047619047619048,DEE,0.3314444888679918,pLOF,0.7166183256253936,pLOF,none,1.8985255491117001,-35.483807017543846,1.0851903172956032,1.1873950449041193,2.0247375503405673,-41.77068333333333,1.1766510598850237,True,no_rescue_annotated,True,True,True
KCNQ2,430396.0,430396,D282H,D,H,282.0,Pathogenic/Likely pathogenic,not provided,NM_172107.4(KCNQ2):c.844G>C (p.Asp282His),NC_000020.11:63439680:C:G,20,63439681,C,G,ClinVar,,,Pore,Pore Domain (S5-S6),19.89161924972294,True,0.95,1.0,0.9,20:63439681:C:G,29.4,0.735,0.9983,likely_pathogenic,False,0.89999,0.26550862578871,0.6879250190260484,0.6879250190260484,1.0,partial_rescue,bhatt_direct,0.6879250190260484,0.35163849136649755,-0.9718153548387087,0.8125455435681844,0.6410256410256411,DEE,0.057319654743084356,LOF,0.35163849136649755,pLOF,-p R-,4.432496609985609,-41.704870666666665,1.4127242677213367,1.19533267243384,1.7591948691928576,-42.67668602150537,1.1479028080275988,True,partial_rescue,True,True,True
KCNQ2,432161.0,432161,H228Y,H,Y,228.0,Likely pathogenic,not provided,NM_172107.4(KCNQ2):c.682C>T (p.His228Tyr),NC_000020.11:63444666:G:A,20,63444667,G,A,ClinVar,,,Pore,Pore Domain (S5-S6),15.565688833449489,True,0.8,1.0,0.9,20:63444667:G:A,32.0,0.8,0.9942,likely_pathogenic,False,0.85826,0.3542641035098268,0.7064704362284393,0.7064704362284393,0.75,no_rescue_annotated,bhatt_direct,0.5298528271713294,0.5967664063401269,-1.191790060851928,0.9321913648452755,0.7837837837837838,DEE,0.4106209077138932,pLOF,0.5967664063401269,pLOF,none,6.421036027686993,-34.28508376792699,1.3359085111637938,1.1852334896207624,3.0700722929936632,-35.268680333998,1.245322378330197,True,no_rescue_annotated,True,True,True
KCNQ2,452487.0,452487,R144W,R,W,144.0,Pathogenic/Likely pathogenic,"Seizures, benign familial neonatal, 1",NM_172107.4(KCNQ2):c.430C>T (p.Arg144Trp),NC_000020.11:63445321:G:A,20,63445322,G,A,ClinVar,,,VSD,Voltage-Sensing Domain,41.8589422241779,True,0.95,1.0,0.6,20:63445322:G:A,28.1,0.7025,0.9969,likely_pathogenic,False,0.88982,0.0613846086762188,0.5384306130366766,0.5384306130366766,1.0,full_rescue,bhatt_direct,0.5384306130366766,0.934620199015959,-7.574787111362354,1.128342713777341,0.782051282051282,DEE,0.46467109397702144,pLOF,0.934620199015959,N,-f R-,2.428875414843566,-29.9965926724138,1.125930166892556,1.2317764014647585,4.0972573743788825,-37.431063793103455,1.270435100035321,True,full_rescue,True,True,True
KCNQ2,461403.0,461403,P410L,P,L,410.0,Uncertain significance,not provided,NM_172107.4(KCNQ2):c.1229C>T (p.Pro410Leu),NC_000020.11:63424194:G:A,20,63424195,G,A,ClinVar,,,CaM,CaM/Interface Region,,False,0.3,1.0,0.5,20:63424195:G:A,19.98,0.4995,0.0689,likely_benign,False,0.29052,0.3,0.4171559999999999,0.4171559999999999,1.0,full_rescue,bhatt_direct,0.4171559999999999,0.8287536442236232,-0.008002024291498216,0.9379186389425599,0.8863636363636364,PV,0.46005331150089085,pLOF,0.8287536442236232,N,-f R-,,,,,,,,,full_rescue,False,False,False
KCNQ2,461417.0,461417,T771I,T,I,771.0,Conflicting classifications of pathogenicity,not provided,NM_172107.4(KCNQ2):c.2312C>T (p.Thr771Ile),NC_000020.11:63406950:G:A,20,63406951,G,A,ClinVar,,,Assembly,Trafficking/Assembly,,False,0.5,1.0,0.3,20:63406951:G:A,6.536,0.1634,0.076,likely_benign,False,0.27182,0.3,0.361546,0.361546,1.0,full_rescue,bhatt_direct,0.361546,0.902974114176681,-0.04099999999999437,1.002289151852139,0.7631578947368421,PV,0.38246295365784766,pLOF,0.902974114176681,N,-f R-,,,,,,,,,full_rescue,False,False,False
KCNQ2,530433.0,530433,I238V,I,V,238.0,Uncertain significance,Early-infantile DEE,NM_172107.4(KCNQ2):c.712A>G (p.Ile238Val),NC_000020.11:63442509:T:C,20,63442510,T,C,ClinVar,,,Pore,Pore Domain (S5-S6),11.338303222801835,True,0.3,1.0,0.9,20:63442510:T:C,23.5,0.5875,0.724,likely_pathogenic,False,0.51345,0.4695939557929386,0.6433928845275284,0.6433928845275284,0.75,no_rescue_annotated,bhatt_direct,0.4825446633956463,0.6403442623304235,-0.35526076555023944,1.0349456407128328,0.8979591836734694,PV,0.5714083993670951,pLOF,0.6403442623304235,pLOF,none,,,,,,,,,no_rescue_annotated,False,False,False
KCNQ2,7381.0,7381,Y284C,Y,C,284.0,Pathogenic,"Seizures, benign familial neonatal, 1",NM_172107.4(KCNQ2):c.851A>G (p.Tyr284Cys),NC_000020.11:63439673:T:C,20,63439674,T,C,ClinVar,,,Pore,Pore Domain (S5-S6),19.535876668118117,True,1.0,1.0,0.9,20:63439674:T:C,25.9,0.6475,0.8089,likely_pathogenic,False,0.8369199999999999,0.2718807364230929,0.6712342577480824,0.6712342577480824,0.75,no_rescue_annotated,bhatt_direct,0.5034256933110618,0.927555584031236,0.08831159917637922,0.933868852935492,0.7380952380952381,BFNE,0.30298246891126085,pLOF,0.3208520368308497,pLOF,none,1.671161420952344,-22.475113851992415,1.2756998159372739,1.2153524181944753,1.5623957670691078,-22.386802252816025,1.1913363237993604,True,no_rescue_annotated,True,True,True
KCNQ2,7382.0,7382,A306T,A,T,306.0,Pathogenic,Early-infantile DEE,NM_172107.4(KCNQ2):c.916G>A (p.Ala306Thr),NC_000020.11:63439608:C:T,20,63439609,C,T,ClinVar,,,Pore,Pore Domain (S5-S6),5.812765416023389,True,1.0,1.0,0.9,20:63439609:C:T,24.3,0.6075,0.979,likely_pathogenic,False,0.87595,0.6787396242536942,0.8253438684887928,0.8253438684887928,0.75,no_rescue_annotated,bhatt_direct,0.6190079013665946,0.6995227048794417,5.638634179821541,0.9731093359269174,0.8378378378378378,BFNE,0.3127638321278547,pLOF,0.6995227048794417,pLOF,none,1.8515595307069959,-22.674112903225794,1.1789475228066055,1.1494477561393455,0.9704767444749964,-17.035478723404264,1.1472448410110203,False,no_rescue_annotated,True,True,True
KCNQ2,7385.0,7385,R214W,R,W,214.0,Pathogenic/Likely pathogenic,Early-infantile DEE,NM_172107.4(KCNQ2):c.640C>T (p.Arg214Trp),NC_000020.11:63444708:G:A,20,63444709,G,A,ClinVar,,,Pore,Pore Domain (S5-S6),28.493870771506607,True,0.95,1.0,0.9,20:63444709:G:A,25.2,0.63,0.9951,likely_pathogenic,False,0.8675299999999999,0.1496297477269806,0.6376294117044432,0.6376294117044432,0.85,default_unknown,heuristic,0.5419849999487767,0.6275275882833807,-1.7754907160493838,0.8799700818170716,0.6338028169014085,DEE,0.7677072704874331,N,0.6275275882833807,pLOF,,5.799496914882598,-32.856892688679245,1.4617309923054311,1.3335997062806346,3.884525606627902,-34.68792985674354,1.2862795408935594,True,unassigned,True,True,True
KCNQ2,7386.0,7386,R207W,R,W,207.0,Pathogenic,Early-infantile DEE,NM_172107.4(KCNQ2):c.619C>T (p.Arg207Trp),NC_000020.11:63444729:G:A,20,63444730,G,A,ClinVar,,,Pore,Pore Domain (S5-S6),29.53822149111924,True,1.0,1.0,0.9,20:63444730:G:A,26.6,0.665,0.9973,likely_pathogenic,False,0.89869,0.1395664054749471,0.6434552419162315,0.6434552419162315,1.0,full_rescue,bhatt_direct,0.6434552419162315,0.884957290151505,10.298346994906622,1.5593088930457195,0.8769230769230769,BFNE,0.6032628934877633,pLOF,0.884957290151505,N,-f R-,6.094471931099083,-36.072583821839075,1.2920853317144887,0.7150226647663519,3.8241485771603103,-25.515199731182793,2.01476014831633,True,full_rescue,True,True,True
KCNQ2,7391.0,7391,R207Q,R,Q,207.0,Pathogenic,Early-infantile DEE,NM_172107.4(KCNQ2):c.620G>A (p.Arg207Gln),NC_000020.11:63444728:C:T,20,63444729,C,T,ClinVar,,,Pore,Pore Domain (S5-S6),29.53822149111924,True,1.0,1.0,0.9,20:63444729:C:T,33.0,0.825,0.9928,likely_pathogenic,False,0.94534,0.1395664054749471,0.6574502419162315,0.6574502419162315,0.75,no_rescue_annotated,bhatt_direct,0.4930876814371736,1.0427280630758655,6.357237875417127,1.3427578057093743,0.7654320987654321,BFNE,0.8295789432885785,N,1.0427280630758655,N,none,6.601893854739494,-31.252423276240673,1.312360720082903,0.9274613126931772,4.911313837717067,-24.355268565717132,1.7621826007976935,True,no_rescue_annotated,True,True,True
KCNQ2,972975.0,972975,H228R,H,R,228.0,Pathogenic,not provided,NM_172107.4(KCNQ2):c.683A>G (p.His228Arg),NC_000020.11:63444665:T:C,20,63444666,T,C,ClinVar,,,Pore,Pore Domain (S5-S6),15.565688833449489,True,1.0,1.0,0.9,20:63444666:T:C,29.1,0.7275,0.9974,likely_pathogenic,False,0.91747,0.3542641035098268,0.7242334362284394,0.7242334362284394,1.0,partial_rescue,bhatt_direct,0.7242334362284394,0.32193771060642534,-3.246739614325065,1.0940220016714617,0.8148148148148148,DEE,0.06636050822385722,LOF,0.32193771060642534,pLOF,-p R-,2.563332072786084,-29.075830808080806,1.3722583059126898,1.1356014235711207,1.277219899507296,-32.55214854912764,1.1842393563281763,True,partial_rescue,True,True,True
KCNQ2,982412.0,982412,Y280H,Y,H,280.0,Pathogenic,"Developmental and epileptic encephalopathy, 7",NM_172107.4(KCNQ2):c.838T>C (p.Tyr280His),NC_000020.11:63439686:A:G,20,63439687,A,G,ClinVar,,,Pore,Pore Domain (S5-S6),15.76688473590112,True,1.0,1.0,0.9,20:63439687:A:G,27.8,0.6950000000000001,0.9978,likely_pathogenic,False,0.90784,0.3495440636301989,0.7196924222705696,0.7196924222705696,0.5,dominant_negative,bhatt_direct,0.3598462111352848,0.2081133283863515,-2.3370453917050718,0.7735800957855617,0.5555555555555556,DEE,0.048744538110243006,LOF,0.2081133283863515,LOF,-D N-,6.138932839814399,-16.316866666666655,1.3549320674480345,1.367977818162033,0.9929638461180033,-18.586805040322584,1.0481484785193798,False,dominant_negative,True,True,True
